{
    "version": "2.0.0",
    "summary": "Fast SVG, rendered with virtual DOM diffing",
    "repository": "https://github.com/elm-lang/svg.git",
    "license": "BSD3",
    "source-directories": [
        "src"
    ],
    "exposed-modules": [
        "Svg",
        "Svg.Attributes",
        "Svg.Events",
        "Svg.Keyed",
        "Svg.Lazy"
    ],
    "dependencies": {
        "elm-lang/core": "5.0.0 <= v < 6.0.0",
        "elm-lang/html": "2.0.0 <= v < 3.0.0",
        "elm-lang/virtual-dom": "2.0.0 <= v < 3.0.0"
    },
    "elm-version": "0.18.0 <= v < 0.19.0"
}
